{"cameraMode":{"drawMode":0,"name":"Shaded","section":"Shading Mode"},"sceneLighting":true,"audioPlay":false,"sceneViewState":{"showFog":true,"showMaterialUpdate":false,"showSkybox":true,"showFlares":true,"showImageEffects":true,"showParticleSystems":true},"in2DMode":false,"pivot":{"x":-1.2475085258483887,"y":-3.1755330562591554,"z":-7.720241069793701},"rotation":{"x":0.04643591120839119,"y":-0.9366791248321533,"z":0.13611845672130586,"w":0.31956717371940615},"size":17.477676391601564,"orthographic":false}