{"cameraMode":{"drawMode":0,"name":"Shaded","section":"Shading Mode"},"sceneLighting":true,"audioPlay":false,"sceneViewState":{"showFog":true,"showMaterialUpdate":false,"showSkybox":true,"showFlares":true,"showImageEffects":true,"showParticleSystems":true},"in2DMode":false,"pivot":{"x":17.86400604248047,"y":-6.856382846832275,"z":-9.442350387573243},"rotation":{"x":-0.09394169598817826,"y":-0.8565992712974548,"z":0.16814984381198884,"w":-0.47883328795433047},"size":11.7608060836792,"orthographic":false}